sample_id,rho,p,n,yi,vi
T2D_02,-0.262600172469022,7.74769488492201e-70,4370,-0.26889912530991,0.000228990153423403
T2D_03,-0.304009287614688,2.6349679193889e-71,3290,-0.313931274446864,0.000304228780042592
T2D_04,-0.24196409121737,9.63307881552316e-53,3875,-0.246859296213847,0.000258264462809917
T2D_05,-0.260396161647741,9.4864278929265e-64,4049,-0.266533337633324,0.000247157686604053
T2D_06,-0.293235167445827,3.01838238691356e-175,8862,-0.302102128133544,0.000112879557512135
T2D_07,-0.254211610496032,1.75640884882331e-70,4718,-0.259910277788071,0.000212089077412513
T2D_08,-0.313421042159462,1.1137265083001e-153,6747,-0.324334630553558,0.000148279952550415
T2D_09,-0.310430883503238,1.47772338591315e-107,4792,-0.321022173566954,0.000208811860513677
T2D_10,-0.0765814069591747,8.99660767188907e-06,3354,-0.0767316452732641,0.000298418382572367
