patient,n_cells,detection_rate,mean_log_norm_expr,mean_counts,spearman_rho_vs_pseudotime,p_value
T2D_02,4370,0.3496567505720824,0.6114694476127625,0.565903902053833,-0.3119314559291449,3.1072781524406317e-99
T2D_03,3290,0.3209726443768997,0.624442994594574,0.5194528698921204,-0.3711105332714504,5.9763328603880955e-108
T2D_04,3875,0.39716129032258063,0.5021622776985168,0.6712257862091064,-0.4038558065630868,5.740408636913583e-152
T2D_05,4049,0.364534452951346,0.5002714991569519,0.6576932668685913,-0.3748709131544851,2.763862898216666e-135
T2D_06,8862,0.42642744301512076,0.5529304146766663,0.7589709162712097,-0.3327546470676777,4.306511008044075e-228
T2D_07,4718,0.4520983467571005,0.5775144100189209,0.8730394244194031,-0.33514198950541396,3.3703425138430262e-124
T2D_08,6747,0.3159922928709056,0.3926503360271454,0.5039276480674744,-0.27693814209475226,4.6918527491743563e-119
T2D_09,4792,0.3474540901502504,0.4546491503715515,0.6546327471733093,-0.27286870792285345,1.3936765639206726e-82
T2D_10,3354,0.45706618962432916,0.6972245573997498,0.8225998878479004,-0.3354051531482797,5.566975774635313e-89
