excluded_patient,donor_aware_rho_without,donor_aware_pvalue_without,n_patients
T2D_02,-0.3380017315154621,2.6116829584024113e-07,8
T2D_03,-0.3306802077850475,2.4752623446135846e-07,8
T2D_04,-0.3261854404292092,8.360539980194724e-08,8
T2D_05,-0.330064259706079,2.3101772001008298e-07,8
T2D_06,-0.33551051805479704,3.2105977363919193e-07,8
T2D_07,-0.3351507511908663,3.1925473880610197e-07,8
T2D_08,-0.3423788410230377,1.0435782436901997e-07,8
T2D_09,-0.3426422510271657,9.091468385650768e-08,8
T2D_10,-0.3351002740421878,3.1517934706826726e-07,8
