sample_id,T_cell,NK,Monocyte,B_cell,DC,Platelet,condition
RNA1,0.0894510906554742,0.0599856805197041,0.829463071537666,0.00124213800271911,0,0.0198580192844366,T2D
RNA102,0.0460527577340634,0.0337836003167971,0.908154807856342,0,0,0.0120088340927975,PreDM
RNA104,0.0622518700670179,0.101790839378901,0.744122783795599,0.00556328942012885,0,0.0862712173383531,T2D
RNA108,0.0783548706577807,0.0156321780713928,0.88695757213922,0,0,0.0190553791316067,T2D
RNA109,0.0793631490325048,0.0134453444836625,0.884353483257159,0.00495893507633947,0,0.0178790881503342,Control
RNA110,0.0221299314646109,0.0405554322190235,0.929635378422962,0,0,0.007679257893404,T2D
RNA114,0.0651055160137801,0.0267897452294988,0.856535560871869,0,0,0.0515691778848525,T2D
RNA115,0.0796709102992172,0.0845974831930975,0.802673660749379,0,0,0.0330579457583061,T2D
RNA116,0.208633280421521,0.0497737822635806,0.718177889284299,0.00647118621450105,0,0.0169438618160992,PreDM
RNA117,0.096032190583087,0.0506473280907388,0.778923190200617,0.00441102521395818,0,0.0699862659115995,Control
RNA124,0,0.0314690287853074,0.955287911309019,0,0,0.0132430599056734,Control
RNA126,0.118682676325928,0.0465687165784013,0.807148323201211,0.013345043975603,0,0.014255239918857,T2D
RNA132,0.0415168441007762,0.025131645961285,0.534499941427715,0.033140474342231,0.295956255278615,0.0697548388893781,T2D
RNA133,0.00910027193092646,0.0206530315608359,0.96373829138591,0.00373598849941826,0,0.00277241662290894,Control
RNA140,0.0516053067621044,0.0108522816873158,0.870742096488707,0.0514706542618638,0,0.0153296608000093,PreDM
RNA145,0,0.051966977176382,0.93636849128168,0,0,0.0116645315419382,T2D
RNA150,0.0531089021053528,0.0270823011643415,0.890405053910564,0.00788790945832166,0,0.0215158333614202,PreDM
RNA151,0,0.0166843200849777,0.979450424418515,0,0,0.00386525549650764,T2D
RNA152,0.0641960605309769,0.0558437331718783,0.843562505951729,0.0226328778790013,0,0.0137648224664144,T2D
RNA155,0.027798383720071,0.051758156189044,0.89661497804845,0,0,0.0238284820424346,PreDM
RNA160,0,0.0362118335047881,0.925301684356333,0,0,0.0384864821388786,Control
RNA165,0.0748431916589585,0.0465754043451627,0.829430564277963,0.0184151182896288,0,0.030735721428287,T2D
RNA167,0.0779398951162219,0.00803848605582162,0.874235114346534,0.0257076715202961,0,0.0140788329611259,Control
RNA174,0.102359654610525,0.0142751488528417,0.86148142040447,0.0199949783199721,0,0.00188879781219171,PreDM
RNA179,0.0163718620620317,0.00857250573727437,0.953192302331463,0,0,0.021863329869231,T2D
RNA18,0.136745511260858,0.00592952492863899,0.768854551868545,0.0268515988692197,0,0.0616188130727383,PreDM
RNA185,0.0924701928508772,0.136463383678113,0.73330502613906,0.0193183101007644,0,0.0184430872311857,PreDM
RNA2,0.0305573453590994,0.0122577504219646,0.957184904218936,0,0,0,T2D
RNA201,0.0653472560548372,0.115529404630639,0.684536086565302,0.0283793144586694,0,0.106207938290552,PreDM
RNA205,0.0578595209435049,0.0293772193818139,0.879223906615599,0.020425659277105,0,0.0131136937819769,T2D
RNA209,0.0583116243922433,0.0231539267396315,0.903206541703025,0.00485639946476086,0,0.0104715077003391,T2D
RNA213,0.100251464015885,0.0464129590073435,0.828800652725989,0.0182113221824579,0,0.00632360206832439,T2D
RNA218,0.0115353362752209,0.0662845410425965,0.843943503686236,0.0286620561730601,0,0.0495745628228866,Control
RNA219,0.0293768192767266,0.0378985331953465,0.926041648985444,0.00148113294953785,0,0.00520186559294502,T2D
RNA220,0.0998194893704942,0.074816583197029,0.682863430477226,0.0336324835246534,0,0.108868013430598,Control
RNA224,0,0.0826217965383488,0.375971396533199,0.106816339809571,0.372808988488992,0.0617814786298896,Control
RNA23,0.102826195328066,0.06885771354178,0.566462865194498,0.0419119019011498,0.174217445070892,0.0457238789636145,PreDM
RNA242,0.0398963061127936,0.0232452249723268,0.909042952398416,0.0186803032305359,0,0.00913521328592796,Control
RNA246,0.0352103014981678,0.0301191544153398,0.934670544086492,0,0,0,PreDM
RNA252,0.0543804765350856,0.0193410480587879,0.92163166724487,0.00367240130204149,0,0.000974406859214839,Control
RNA253,0.0191815981013278,0.0346090496799948,0.932483233225954,0.013726118992723,0,0,PreDM
RNA257,0.0874228454759377,0.0348060554265238,0.851677956050473,0.0142938026875958,0,0.0117993403594697,Control
RNA259,0.0516717813100716,0.0402858453128614,0.887878602692907,0.0201637706841599,0,0,Control
RNA26,0.034405772136912,0.0137672002784926,0.439634802325041,0.512192225259554,0,0,T2D
RNA267,0.06140213339679,0.016561153628751,0.922036712974459,0,0,0,Control
RNA275,0.10814132646685,0.0415215289612833,0.826086025052261,0.00409254250869521,0,0.0201585770109103,Control
RNA277,0.141907671370511,0.0644778410371358,0.719820813764507,0.0503138250671582,0,0.023479848760688,T2D
RNA278,0.0224607220327278,0.0319645220164268,0.912612388962063,0.0296283347433347,0,0.00333403224544801,Control
RNA288,0.179641263051118,0.0136902885844948,0.752552200104348,0.00695060371841415,0.0459329475480186,0.00123269699360647,T2D
RNA29,0.190827990553769,0.0395443488772644,0.686087617341155,0.00951727645158628,0,0.0740227667762252,T2D
RNA292,0.070033167993599,0.0164346592707196,0.913532172735681,0,0,0,Control
RNA295,0.020915898541794,0.00616382486403395,0.906246010883372,0.0666742657108006,0,0,T2D
RNA298,0.0110462962713038,0.0324610976032646,0.953131222819727,0,0,0.00336138330570456,Control
RNA3,0.12277503861599,0.0588944939431777,0.786508237558426,0.00370777473518313,0.017120396888024,0.0109940582591992,T2D
RNA302,0,0.0368870332166574,0.963112966783343,0,0,0,T2D
RNA303,0.0465863284416309,0.0508799439049901,0.85562770949848,0.0262996999327912,0,0.0206063182221077,PreDM
RNA31,0,0.0282772452371827,0.949114677689021,0.00182166999320646,0,0.0207864070805901,PreDM
RNA310,0.264683080196799,0.213604094207616,0.373053434783255,0.0577864204020201,0,0.0908729704103092,Control
RNA314,0.13962158678487,0.0794715357433515,0.657690303769924,0.046575074723908,0,0.0766414989779466,PreDM
RNA315,0.323067630798742,0.0973419324237845,0.150097378332095,0.0502679240323433,0.275238480340683,0.103986654072353,Control
RNA318,0.19959244322286,0.114676930905429,0.563216283197555,0.0452131100801978,0,0.0773012325939584,Control
RNA319,0.0866968150724727,0.074563502571641,0.810715409545544,0.0123269124078955,0,0.0156973604024468,T2D
RNA32,0.0120808696898406,0.0123112016777618,0.963883131641103,0.00248738987326484,0,0.00923740711802984,PreDM
RNA325,0.0714943001273418,0.0538401780092526,0.864526782674763,0.0071742979839693,0,0.00296444120467312,Control
RNA328,0.135050487238037,0.0650379105010293,0.722855593109136,0.0361206288892846,0,0.0409353802625137,T2D
RNA330,0.128833196233554,0.0827043111573044,0.286879252414853,0.017263496243863,0.469289324363334,0.0150304195870921,Control
RNA331,0.266269424318511,0.191534119730201,0.454864520024866,0.0420671522238388,0,0.0452647837025829,T2D
RNA334,0.158140309878566,0.179425471829279,0.556647253774387,0.019159454711426,0,0.0866275098063409,T2D
RNA335,0.245873947711166,0.191681040519148,0.314464680749021,0.0848558718099097,0.0207147631147712,0.142409696095984,PreDM
RNA336,0.124020559757357,0.0521219944126294,0.739159822966373,0.042247888166624,0,0.0424497346970167,T2D
RNA338,0.321562835492654,0.205448041089735,0.323838423291079,0.0392405711241286,0,0.109910129002403,Control
RNA339,0.096650876408106,0.129150827686116,0.22076536347353,0.061979950814054,0.426870753031872,0.0645822285863221,Control
RNA345,0.109527901010599,0.0751649669895029,0.756947408399943,0.0396065089933668,0,0.0187532146065888,Control
RNA35,0.0712526844118442,0.0227035321769227,0.905833712650803,0.00021007076043016,0,0,T2D
RNA358,0.157335634511546,0.0386111741629252,0.754350671261466,0.0240824112285903,0,0.0256201088354719,T2D
RNA364,0.0345096343130603,0.0292141620643755,0.92221086871065,0,0,0.0140653349119145,Control
RNA365,0.100398123202018,0.0432655775097492,0.848183744026914,0,0,0.00815255526131814,T2D
RNA368,0.0264492727967617,0.0217488879946208,0.943776180288451,0,0,0.00802565892016682,T2D
RNA37,0.021063932062716,0.0542733152043559,0.921612927804236,0,0,0.00304982492869243,T2D
RNA379,0.0921154539717983,0.0476210866010534,0.849444868055156,0,0,0.0108185913719927,PreDM
RNA38,0,0,1,0,0,0,T2D
RNA383,0.0180016221148388,0.0296328074031865,0.947946876323433,0,0,0.00441869415854139,T2D
RNA385,0.0031154339030194,0.052897262629036,0.927181208960072,0.000545771663910711,0,0.0162603228439615,PreDM
RNA386,0.0564448932676427,0.0296507748329282,0.911703166396655,0.000502928932505067,0,0.00169823657026881,T2D
RNA39,0.128917261716624,0.0670899599751434,0.79224515990559,0,0,0.011747618402643,PreDM
RNA392,0.00217245321538163,0.0378634620225203,0.947778139909907,0.00335466509694013,0,0.00883127975525092,T2D
RNA396,0.0142494821576459,0.0195259170166029,0.966224600825751,0,0,0,Control
RNA400,0.00169675821719841,0.0208104817415512,0.954580147684952,0.00263415998028115,0,0.0202784523760177,Control
RNA409,0.0759183528493451,0.0159846710949878,0.83804294842417,0.0406985410665383,0,0.0293554865649588,T2D
RNA41,0,0.0105887032140564,0.969543416864045,0,0,0.0198678799218985,T2D
RNA418,0.0946527413945713,0.0181961204533564,0.862372103039735,0.0123292505096419,0,0.0124497846026953,T2D
RNA419,0.0918077132723841,0.0541463154679848,0.843965694465317,0.00332098868648914,0,0.00675928810782484,Control
RNA425,0.100744407549257,0.0334073504894153,0.807239736534771,0.0527337282228652,0,0.00587477720369142,Control
RNA431,0.0396701173921412,0.0477151004594184,0.899157633089946,0.00788734338593796,0,0.00556980567255614,PreDM
RNA437,0.0718281324327813,0.245600324200403,0.53785205598651,0.041731981993424,0,0.102987505386882,Control
RNA44,0.186607306259739,0.0588776795061956,0.639734438091177,0.0050811362938082,0,0.109699439849081,PreDM
RNA441,0.0958098091040305,0.134653380082334,0.185840392202248,0.102148478128627,0.269450476777683,0.212097463705077,Control
RNA442,0.21616809575962,0.126272634158243,0.44535536591096,0.074209681834324,0,0.137994222336853,T2D
RNA449,0.107961230531534,0.0236698050952687,0.765215231728739,0.0465340944348106,0,0.0566196382096474,Control
RNA454,0,0.0373552378849152,0.962644762115085,0,0,0,T2D
RNA455,0.0383988332539637,0.0295282466605791,0.916271460945295,0.000303585110493765,0,0.0154978740296685,Control
RNA456,0.0217663420360339,0.0192193132731609,0.941100546647873,0,0,0.0179137980429325,Control
RNA457,0,0.0132032102604185,0.986796789739581,0,0,0,T2D
RNA466,0.0455695269507407,0.00989239857958021,0.922702315454665,0.0127874265778559,0,0.00904833243715815,T2D
RNA469,0.0585827052804689,0.0621225590552562,0.874102966114547,0,0,0.00519176954972838,Control
RNA47,0.258032074053478,0.074795021612087,0.580453894354717,0.00777787095418693,0,0.0789411390255309,Control
RNA471,0.021945569445852,0.0532707620654397,0.915422653890002,0.00630532022785035,0,0.00305569437085587,T2D
RNA476,0.0669889008952008,0.0479257646479284,0.828736787925075,0.00767578520822325,0,0.0486727613235729,T2D
RNA479,0.0259089458148732,0.0390862960857056,0.927223139674157,0,0,0.00778161842526478,Control
RNA48,0.349598194409836,0.0353292189576342,0.289303976558371,0.188855926497271,0,0.136912683576888,Control
RNA482,0.046133402503473,0.060508457090967,0.889985171542127,7.0736714464154e-05,0,0.00330223214896842,Control
RNA483,0.0683460949461154,0.0451843859487896,0.881917292565155,0,0,0.00455222653993983,T2D
RNA484,0.17202701341797,0.0666942073356354,0.72449434290735,0.0233934438517807,0,0.0133909924872643,Control
RNA488,0.0776462069340716,0.0322293571347789,0.887630025914719,0.0024944100164301,0,0,T2D
RNA49,0.031308882878692,0.0984416726414697,0.303772934553514,0.0462243774165259,0.346068265783683,0.174183866726116,Control
RNA499,0.0574584776824479,0.0239641222483972,0.890198819430858,0.0228661503010784,0,0.00551243033721822,T2D
RNA50,0.0498168568800936,0.0965430896131831,0.238252354618682,0.0495150735819469,0.384983803205317,0.180888822100777,PreDM
RNA500,0.0799180180478065,0.0446820982651897,0.826454401989929,0.0057079841556591,0,0.0432374975414156,Control
RNA504,0.0330159406103611,0.0718413951365255,0.876127706072787,0.00710996171150895,0,0.0119049964688173,T2D
RNA505,0.0975377424110329,0.0205779165787799,0.858710717354168,0.0204138271511746,0,0.00275979650484514,Control
RNA51,0.100558364284531,0.0877816911498233,0.294578498936317,0.0342899692491045,0.357582122588136,0.125209353792089,Control
RNA511,0,0.0418439264143624,0.933008848380795,0,0,0.0251472252048426,Control
RNA516,0.0855048140002324,0.0195085668931621,0.874396421438467,0.00921658431250126,0,0.0113736133556373,Control
RNA519,0,0.0349129007679064,0.965087099232094,0,0,0,T2D
RNA52,0.325725304703221,0.0959975959094644,0.147962767548348,0.0973685347300617,0,0.332945797108906,T2D
RNA521,0.0844920039489613,0.0970593886429029,0.756310911806168,0.0123205751032834,0,0.0498171204986843,T2D
RNA528,0.017584238519568,0.0164960618153812,0.965919699665051,0,0,0,T2D
RNA53,0.0952267283524787,0.0850712259467795,0.79361410904093,0.00313236128935787,0,0.0229555753704536,T2D
RNA535,0.0630000052683664,0.0369828783007694,0.865185559864516,0.0296185074893264,0,0.00521304907702214,PreDM
RNA57,0.0245285530035523,0.0322424313661075,0.856167662893885,0,0,0.0870613527364555,Control
RNA58,0.115784180248454,0.0315070859706366,0.779860385133047,0.0193706655436415,0,0.0534776831042206,T2D
RNA6,0.215975730862776,0.0350382471096076,0.708981473200687,0.025215644398803,0,0.0147889044281271,T2D
RNA60,0.238779720907741,0.0781114746786772,0.622206981570684,0.024607352560848,0,0.036294470282049,T2D
RNA62,0.0327261323968377,0.0360055601194322,0.901240126933509,0,0,0.0300281805502208,T2D
RNA63,0.157353461093312,0.0533947460469342,0.738957218158721,0.00508179373285562,0,0.045212780968178,T2D
RNA64,0.154600751234381,0.051412741198157,0.70366188903197,0.00503293307544178,0,0.0852916854600496,T2D
RNA66,0.171086284971252,0.0646626910817684,0.701407740913159,0.00289927578753445,0,0.059944007246286,T2D
RNA67,0.193755365610675,0.0546803533594825,0.730853683867399,0.00937168397426431,0,0.01133891318818,T2D
RNA69,0.129285567938781,0.0431041915804067,0.78067605355209,0.0160695252989117,0,0.0308646616298113,T2D
RNA7,0.133704152448946,0.0268135299815337,0.814350289902264,0.00278741731125121,0,0.0223446103560051,T2D
RNA72,0.17768659827963,0.096365719579178,0.647752406750263,0.0264803417994878,0,0.0517149335914417,T2D
RNA74,0.312528053995999,0.111115241146133,0.169414002469298,0.099934506935341,0.112302474746886,0.194705720706344,T2D
RNA75,0.18362035326359,0.0558423164669771,0.502116944390466,0.0274312593597164,0,0.23098912651925,T2D
RNA78,0,0.00622199844705199,0.993778001552948,0,0,0,PreDM
RNA86,0.180359100701742,0.0539515692989834,0.728150530717184,0.00970747794271519,0,0.027831321339376,PreDM
RNA87,0.149432269400994,0.0710337871113062,0.711240814995481,0.0475242223146304,0,0.0207689061775886,T2D
RNA89,0,0.0385248688843424,0.95378675880173,0,0,0.00768837231392772,T2D
RNA90,0.115840718500947,0.0305815615974695,0.836140455791271,0,0,0.0174372641103125,Control
RNA94,0.0557465853743387,0.0128025537793267,0.874887431089645,0,0,0.0565634297566897,PreDM
RNA95,0.171161835581987,0.011906997498836,0.781694461442885,0.00331173513079721,0,0.0319249703454954,T2D
RNA97,0.218103604308572,0.0330894485092378,0.705957619929281,0.0353566080400996,0,0.00749271921281028,T2D
RNA98,0.090287352565995,0.0240871625857208,0.879246937549675,0.000771638760996913,0,0.00560690853761236,PreDM
R_JS001,0.173092428983671,0.0818007127015435,0.714173909186032,0.00995001708547187,0,0.0209829320432815,PreDM
R_JS002,0.0414158926643123,0.0552273357897654,0.540796636657072,0.0173106747812311,0.325086652479634,0.0201628076279855,PreDM
R_JS003,0.0809776968217759,0.0386816369105991,0.80825202624391,0.0129004295472072,0,0.0591882104765074,PreDM
R_JS004,0,0.0362659581989604,0.600690551108628,0.0124236359131387,0.326289192526495,0.0243306622527785,PreDM
R_JS005,0.0622910826350645,0.0409082386718886,0.815615760170335,0,0,0.0811849185227115,PreDM
R_JS006,0.113194680359152,0.0289513882789387,0.794406547082303,0.0129411065081308,0,0.0505062777714757,PreDM
R_JS007,0.0974937948205952,0.0836096029294158,0.809523520127065,0.00571465621744809,0,0.00365842590547577,PreDM
R_JS008,0.0804990744554999,0.0544200684619328,0.816078112144598,0.0276042013165345,0,0.021398543621435,PreDM
R_JS009,0.111628649982699,0.0169096857453279,0.851502601574475,0.000112448287200097,0,0.0198466144102987,PreDM
R_JS010,0.16295535310475,0.0196836995996304,0.788352617259573,0.00592345666366862,0,0.0230848733723779,PreDM
R_JS011,0.208409587172326,0.0799992446146386,0.675832827396267,0.00835739700384316,0,0.0274009438129249,PreDM
R_JS012,0.187913764617978,0.133597626288916,0.623132308738929,0.0381429647267433,0,0.0172133356274334,PreDM
R_JS013,0.142137426358869,0.0528685541432476,0.751301356109353,0,0,0.0536926633885306,PreDM
R_JS014,0.115759864433047,0.0247497082242576,0.840945725736898,0,0,0.0185447016057977,PreDM
R_JS015,0.0077383570683441,0.00966865540896481,0.971479787616309,0.00633002591393565,0,0.00478317399244679,PreDM
R_JS016,0.0511415479476396,0.0375516271149588,0.888320068941592,0,0,0.0229867559958094,PreDM
R_JS017,0.00340027474599653,0.0101156994779144,0.976617239106383,0,0,0.0098667866697056,PreDM
R_JS018,0.120933122756341,0.0473544574210817,0.796352188620305,0.0175497313402777,0,0.0178104998619941,PreDM
R_JS019,0.0199934992856751,0.0513151522136909,0.904394993085145,0,0,0.0242963554154889,PreDM
R_JS020,0.136420817371832,0.0891065319090875,0.736319339817549,0.0152850455159703,0,0.0228682653855618,PreDM
R_JS021,0.00540657211099757,0.0096127348551032,0.976717120078547,0,0,0.00826357295535217,PreDM
R_JS022,0.0676724160263143,0.0275310756832228,0.873581701295409,0.00379208891461011,0,0.0274227180804441,PreDM
R_JS023,0.141741862122952,0.0849552703029253,0.705840200966172,0.0173746642031785,0,0.0500880024047724,PreDM
R_JS024,0.0860514108801046,0.0552130983754686,0.806329690575705,0,0,0.0524058001687223,PreDM
R_JS025,0.0988143568630155,0.0881834368299822,0.729414174907155,0.0438570563786897,0,0.0397309750211578,PreDM
R_JS026,0.100427534866708,0.0270386038402465,0.751720601716218,0.0303200993879209,0,0.0904931601889058,PreDM
R_JS027,0.11818708321474,0.0793473138017517,0.71981119928013,0.018120684610332,0,0.0645337190930465,PreDM
R_JS028,0,0.0873153636316254,0.864921868606869,0.00481751915547453,0,0.0429452486060312,PreDM
R_JS029,0.185841279205117,0.0248008904814986,0.710219870532931,0.0192541605888415,0,0.0598837991916118,PreDM
R_JS030,0.156241571315278,0.0305930241776757,0.692917923510739,0.0290573066093096,0,0.0911901743869975,PreDM
R_JS031,0.0594008970236506,0.0444642465166929,0.825405940268111,0.0144999551485939,0,0.0562289610429512,PreDM
R_JS032,0.00541069007533227,0.0317988962480223,0.915493298818746,0.0034363781789068,0,0.043860736678993,PreDM
R_JS033,0.138220728726039,0.0648757636773946,0.659212920994879,0.0248641732904429,0,0.112826413311245,PreDM
R_JS034,0.0966517971683038,0.032783310994916,0.794200699525923,0.0197088490303982,0,0.056655343280459,PreDM
R_JS035,0.216014706684234,0.0951999241314083,0.596782984522218,0.0210885421717754,0,0.0709138424903646,PreDM
R_JS036,0.163064296128931,0.0637690512638524,0.675640299838298,0.0443428425016917,0,0.0531835102672262,PreDM
R_JS037,0.235471071501987,0.040261160168932,0.656985389166343,0.0255092486210997,0,0.041773130541639,PreDM
R_JS038,0.102796007225755,0.0340565535519409,0.819062526834913,0.0151547165177609,0,0.0289301958696301,PreDM
R_JS039,0.134001954265921,0.0782010332817098,0.701483834386002,0.0179502218075997,0,0.0683629562587677,PreDM
R_JS040,0.14842792738239,0.025991204066597,0.727173651679432,0.0574426585973452,0,0.0409645582742354,PreDM
R_JS041,0.152758368648593,0.0177058656840821,0.713363343482701,0.0380881655229103,0,0.0780842566617138,PreDM
