gene,scrna_rho,scrna_direction,bulk_lfc,bulk_padj,expected_direction,concordant,bulk_sig
MALAT1,0.379,↑CD16,0.09511658213705942,0.7143646775333562,-,False,False
AC020916.1,-0.343,↑CD14,0.21154005872794812,0.697280560719353,+,True,False
AC020656.1,-0.328,↑CD14,0.7525379866123663,0.017411322644693757,+,True,True
NEAT1,-0.272,↑CD14,0.2610372756404171,0.16221202848435867,+,True,False
LINC00861,0.237,↑CD16,0.11377047214947744,0.697280560719353,-,False,False
AC119396.1,0.235,↑CD16,0.10465272354662769,0.697280560719353,-,False,False
AC020651.2,0.215,↑CD16,-0.1332797777865129,0.7105252551305492,-,True,False
LINC02432,0.208,↑CD16,0.35254113936233367,0.48253750643281484,-,False,False
LINC00937,-0.203,↑CD14,0.29125574575573054,0.3333679752004361,+,True,False
AC064805.1,0.203,↑CD16,0.16976958843671852,0.697280560719353,-,False,False
SNHG1,0.199,↑CD16,-0.04718775489421745,0.7143646775333562,-,True,False
AL139246.5,0.195,↑CD16,-0.09590394483867826,0.7143646775333562,-,True,False
AL133415.1,-0.191,↑CD14,0.36586545091369693,0.3333679752004361,+,True,False
LINC02345,0.187,↑CD16,0.18193521060295703,0.697280560719353,-,False,False
LINC02384,0.185,↑CD16,0.12303739624604582,0.7105252551305492,-,False,False
LINC02773,0.184,↑CD16,0.18423641930016954,0.697280560719353,-,False,False
SNHG8,0.181,↑CD16,-0.16963368836689874,0.5699862728313756,-,True,False
AC243960.1,0.179,↑CD16,-0.020507848754554914,0.8992047135146657,-,True,False
GAS7,-0.17,↑CD14,0.1645233421295771,0.697280560719353,+,True,False
SNHG12,0.16,↑CD16,0.004761083446009451,0.9559522647836638,-,False,False
