pseudobulk_id,donor,subtype,n_cells,library_size,total_counts,n_genes_detected,lib_z,outlier_flag
T2D_02__CD14_Classical,T2D_02,CD14_Classical,3508,10785164,10785164,15620,0.454937784619314,FALSE
T2D_02__Intermediate,T2D_02,Intermediate,295,560447,560447,12638,0.402451971815459,FALSE
T2D_02__CD16_NonClassical,T2D_02,CD16_NonClassical,567,2109067,2109067,13443,1.10733859751337,FALSE
T2D_03__CD14_Classical,T2D_03,CD14_Classical,2414,5726697,5726697,15269,0.772544109473795,FALSE
T2D_03__Intermediate,T2D_03,Intermediate,347,604023,604023,12988,0.267867896333479,FALSE
T2D_03__CD16_NonClassical,T2D_03,CD16_NonClassical,529,1537036,1537036,13116,1.35233791108356,FALSE
T2D_04__CD14_Classical,T2D_04,CD14_Classical,2914,18030888,18030887,15827,0,FALSE
T2D_04__Intermediate,T2D_04,Intermediate,250,838055,838055,13749,0.454937784619314,FALSE
T2D_04__CD16_NonClassical,T2D_04,CD16_NonClassical,711,5563385,5563385,14427,0.372136359006744,FALSE
T2D_05__CD14_Classical,T2D_05,CD14_Classical,3010,16249022,16249022,15703,0.111878146411384,FALSE
T2D_05__Intermediate,T2D_05,Intermediate,233,645453,645453,13097,0.13991172212707,FALSE
T2D_05__CD16_NonClassical,T2D_05,CD16_NonClassical,806,6440846,6440846,14425,0.747950506639676,FALSE
T2D_06__CD14_Classical,T2D_06,CD14_Classical,7601,47051260,47051261,16014,1.82210414673653,FALSE
T2D_06__Intermediate,T2D_06,Intermediate,441,1099829,1099829,13975,1.26342437758838,FALSE
T2D_06__CD16_NonClassical,T2D_06,CD16_NonClassical,820,5756712,5756712,14446,0.454937784619314,FALSE
T2D_07__CD14_Classical,T2D_07,CD14_Classical,3869,26182310,26182310,15870,0.511803908922992,FALSE
T2D_07__Intermediate,T2D_07,Intermediate,224,690754,690754,13257,0,FALSE
T2D_07__CD16_NonClassical,T2D_07,CD16_NonClassical,625,5097000,5097000,14247,0.172384938437869,FALSE
T2D_08__CD14_Classical,T2D_08,CD14_Classical,5734,34653396,34653398,15996,1.04367858399476,FALSE
T2D_08__Intermediate,T2D_08,Intermediate,297,901669,901669,13154,0.651409038926977,FALSE
T2D_08__CD16_NonClassical,T2D_08,CD16_NonClassical,716,4694511,4694511,14103,0,FALSE
T2D_09__CD14_Classical,T2D_09,CD14_Classical,3936,23968584,23968584,15962,0.372810538185413,FALSE
T2D_09__Intermediate,T2D_09,Intermediate,299,974666,974666,13220,0.876859602493118,FALSE
T2D_09__CD16_NonClassical,T2D_09,CD16_NonClassical,557,3974852,3974852,13882,0.308227982407615,FALSE
T2D_10__CD14_Classical,T2D_10,CD14_Classical,2819,12323241,12323241,15331,0.358366435371962,FALSE
T2D_10__Intermediate,T2D_10,Intermediate,202,500676,500676,12527,0.587054155945106,FALSE
T2D_10__CD16_NonClassical,T2D_10,CD16_NonClassical,333,2005427,2005427,13036,1.15172732619838,FALSE
