gene,rho,pvalue,padj,abs_rho
MALAT1,0.3790089732572263,0.0,0.0,0.3790089732572263
AC020916.1,-0.3434143036466888,0.0,0.0,0.3434143036466888
AC104809.2,0.33335778797164345,0.0,0.0,0.33335778797164345
AC020656.1,-0.32839662072821824,0.0,0.0,0.32839662072821824
NEAT1,-0.2721952235881034,0.0,0.0,0.2721952235881034
LINC00861,0.2371060282869911,0.0,0.0,0.2371060282869911
AC119396.1,0.23471999478673797,0.0,0.0,0.23471999478673797
AC007952.4,-0.2251456247086484,0.0,0.0,0.2251456247086484
AC020651.2,0.21484633779489823,3.1019215191023e-310,1.047760157563441e-308,0.21484633779489823
LINC02432,0.20762043428179197,2.0928649495470887e-289,6.3623094466231504e-288,0.20762043428179197
LINC00937,-0.2032969489541915,2.586382980685497e-277,7.1478220557126465e-276,0.2032969489541915
AC064805.1,0.20291540227673913,2.927809927024989e-276,7.417118481796639e-275,0.20291540227673913
SNHG1,0.199135876061295,6.165928431938999e-266,1.4418786486995812e-264,0.199135876061295
AL139246.5,0.19514058696525283,2.9845721573480675e-255,6.4807852559558045e-254,0.19514058696525283
AL133415.1,-0.1945688493383948,9.656655308664356e-254,1.957082142555976e-252,0.1945688493383948
LINC02345,0.19428310844694816,5.466042912163612e-253,1.0385481533110863e-251,0.19428310844694816
LINC02384,0.19283374170168202,3.451493898022187e-249,6.17208320587497e-248,0.19283374170168202
LINC02773,0.17151487033283522,8.500208507482517e-197,1.435590770152603e-195,0.17151487033283522
SNHG8,0.16792461576492246,1.2956668726675726e-188,2.073066996268116e-187,0.16792461576492246
AC243960.1,0.16539624267661845,5.8295362631877114e-183,8.860895120045323e-182,0.16539624267661845
AC253572.2,-0.164715789917638,1.8689907440607869e-181,2.705586600926091e-180,0.164715789917638
GAS7,-0.16464348174234203,2.699321786804088e-181,3.72997192358383e-180,0.16464348174234203
LINC01578,0.16250553779992533,1.3128931177199888e-176,1.7353022077690287e-175,0.16250553779992533
SNHG12,0.15191588585887691,2.436437910965802e-154,3.0861546872233496e-153,0.15191588585887691
LINC02245,0.1366390204143796,5.753157987479077e-125,6.995840112774557e-124,0.1366390204143796
AC008555.4,0.13610743247916351,5.295961385414451e-124,6.192201004484588e-123,0.13610743247916351
AC011603.2,0.13108819362953647,4.3156137717270605e-115,4.859061431870468e-114,0.13108819362953647
AL499604.1,0.13066417647411702,2.3551259585276193e-114,2.5569938978299866e-113,0.13066417647411702
AL034397.3,-0.12922898367014216,7.050515401813666e-112,7.39088511086674e-111,0.12922898367014216
KCNQ1OT1,0.12374195423653532,1.1372555618237054e-102,1.1524189693146881e-101,0.12374195423653532
AC090559.1,0.12320761784530541,8.52283361884463e-102,8.357875548802477e-101,0.12320761784530541
AL662844.4,0.12087106305350134,5.1283604472309285e-98,4.871942424869383e-97,0.12087106305350134
AC011472.2,-0.1185151101356502,2.7903774434052015e-94,2.570529523621761e-93,0.1185151101356502
AC008105.3,0.11291851407262382,1.0430907286479338e-85,9.326458279675643e-85,0.11291851407262382
AC011899.2,0.11209381271376731,1.7610528552325269e-84,1.5296001942591092e-83,0.11209381271376731
AC010654.1,0.11204349332344775,2.091069471306476e-84,1.7657919979921354e-83,0.11204349332344775
AC147067.1,0.10386523327275513,9.795854432912526e-73,8.04848580433894e-72,0.10386523327275513
AC245014.3,-0.10250696379324746,6.955105888789128e-71,5.5640847110313025e-70,0.10250696379324746
AL109615.2,-0.10235350687522707,1.1217689478437025e-70,8.744045131909885e-70,0.10235350687522707
MIR3945HG,-0.10110938973767906,5.264054782965499e-69,4.000681635053779e-68,0.10110938973767906
THUMPD3-AS1,0.09905955780971432,2.6913726917252837e-66,1.9955543860597225e-65,0.09905955780971432
AC005332.4,0.09903028804836646,2.939299566176398e-66,2.1274930193276785e-65,0.09903028804836646
AC087623.2,0.0979979438817374,6.466950538531294e-65,4.571983636543054e-64,0.0979979438817374
AC005280.2,-0.09627885425461274,1.0341712646649253e-62,7.145183283139484e-62,0.09627885425461274
SNHG14,0.09399460846285379,7.62059858131492e-60,5.148137708266079e-59,0.09399460846285379
AC007032.1,-0.09350237541975283,3.09580005015724e-59,2.0459200331473934e-58,0.09350237541975283
AC037198.1,-0.09269724877238214,3.0170172956649976e-58,1.9514324635790622e-57,0.09269724877238214
AL021155.5,-0.09157696148803753,6.935516111866357e-57,4.39249353751536e-56,0.09157696148803753
LINC01278,0.09118641959395696,2.05013566489755e-56,1.2719209023037862e-55,0.09118641959395696
AC093323.1,0.09078059508742238,6.291521549064677e-56,3.8252451018313235e-55,0.09078059508742238
LINC01220,-0.09060388936418096,1.0235539332901596e-55,6.10118422980801e-55,0.09060388936418096
LINC02723,-0.09027067713375195,2.5558233605220466e-55,1.494173656920581e-54,0.09027067713375195
LINC00342,0.08942116679962404,2.594515301104882e-54,1.4865350324286145e-53,0.08942116679962404
LINC01504,0.08941468827595242,2.640555649708723e-54,1.4865350324286145e-53,0.08941468827595242
AC004687.1,0.08795713938661,1.33712743416054e-52,7.390667999723711e-52,0.08795713938661
AC012615.1,0.08766868362203818,2.885040990141485e-52,1.566165108933949e-51,0.08766868362203818
LINC01089,0.08746929234552651,4.901905936812551e-52,2.6143498329666938e-51,0.08746929234552651
LINC00963,-0.08368603830707187,9.088477323602271e-48,4.763615700646707e-47,0.08368603830707187
LINC01001,-0.08205053174946807,5.557675749036079e-46,2.863615979164353e-45,0.08205053174946807
AL138963.4,-0.08103109959102078,6.925842878585201e-45,3.509093725149835e-44,0.08103109959102078
LINC01138,0.0806019233242691,1.9842462602324872e-44,9.888702673945509e-44,0.0806019233242691
AC092821.3,0.08022010965976988,5.037615781121319e-44,2.4700567700981955e-43,0.08022010965976988
SNHG17,0.07894242041230022,1.1021862898606995e-42,5.3184862240897244e-42,0.07894242041230022
AC118549.1,0.07849910994237486,3.1780201791299635e-42,1.5095595850867328e-41,0.07849910994237486
AC096667.1,-0.07842070263183758,3.83026075069544e-42,1.791383489556021e-41,0.07842070263183758
AL645568.1,0.07820092579393113,6.45715009801431e-42,2.9742024693884097e-41,0.07820092579393113
LINC01184,0.0775922795311133,2.721723301103868e-41,1.2349311694560835e-40,0.0775922795311133
SNHG15,0.07716414462197294,7.437297293708659e-41,3.324909378363871e-40,0.07716414462197294
SNHG3,0.0764912007591463,3.5705229902005356e-40,1.573099984088352e-39,0.0764912007591463
AL022328.4,0.07643894047612866,4.030810876880247e-40,1.750523580816564e-39,0.07643894047612866
AC015912.3,-0.0747324441176348,2.019194430428231e-38,8.645564885213835e-38,0.0747324441176348
AL135905.2,0.07469417101563385,2.2022202495764828e-38,9.298263275989595e-38,0.07469417101563385
LINC00476,0.07324770252367567,5.660716127961381e-37,2.357339319041452e-36,0.07324770252367567
AL450326.1,0.07302663903271436,9.245631185700575e-37,3.798205243855371e-36,0.07302663903271436
DANCR,0.07230892951040312,4.50034464080498e-36,1.824139694406285e-35,0.07230892951040312
AC144652.1,0.07202746938612596,8.335548445238244e-36,3.3342193780952976e-35,0.07202746938612596
AL035530.2,0.07172151773054179,1.6245532104951832e-35,6.413820467409555e-35,0.07172151773054179
AC005632.3,-0.07164994923583831,1.8982198981864257e-35,7.39819037241889e-35,0.07164994923583831
LINC02785,-0.07031906089757255,3.3373554850700353e-34,1.2842481866598616e-33,0.07031906089757255
AC010883.3,0.07021044435210679,4.2071373020004055e-34,1.5987121747601542e-33,0.07021044435210679
LINC-PINT,0.06993933822440983,7.488036946300554e-34,2.8103249773769978e-33,0.06993933822440983
AC026979.2,0.06953143056987364,1.7753088083693547e-33,6.581632655418095e-33,0.06953143056987364
AC010247.1,0.06912553165510738,4.170274936105653e-33,1.5274260006941186e-32,0.06912553165510738
AL161785.1,-0.06878455128486136,8.512639515167442e-33,3.080764776917741e-32,0.06878455128486136
AL121944.1,0.06659519610742004,7.647367454646513e-31,2.7350584778971056e-30,0.06659519610742004
AC005392.2,-0.06647339305216635,9.780129554078087e-31,3.457162074929928e-30,0.06647339305216635
LINC00667,0.06511186046021715,1.4835519221581824e-29,5.183905567081465e-29,0.06511186046021715
MIATNB,0.06404860185151089,1.1930581036457065e-28,4.121473448957895e-28,0.06404860185151089
AC005670.3,0.06349244746408511,3.502106888485492e-28,1.1962252742692018e-27,0.06349244746408511
AL391832.2,-0.06290474700574189,1.0817487636386038e-27,3.653906934957062e-27,0.06290474700574189
AC124248.1,-0.06243798479770992,2.6297424294835612e-27,8.785073610582446e-27,0.06243798479770992
DLEU1,0.06206753500521505,5.297470349165989e-27,1.7504684632026745e-26,0.06206753500521505
SNHG29,-0.06171339960135191,1.030746465701532e-26,3.3693217803576965e-26,0.06171339960135191
AC099343.3,0.06140917464193909,1.8204722967211933e-26,5.887484874502582e-26,0.06140917464193909
AL445524.1,-0.060796871197075705,5.6716748988757e-26,1.814935967640224e-25,0.060796871197075705
AC008875.3,0.06059796022581148,8.18432996330084e-26,2.5917044883785995e-25,0.06059796022581148
LINC00957,0.060360812406036496,1.2653091090793143e-25,3.9655048367021804e-25,0.060360812406036496
AC245452.1,0.060072301734257906,2.1448697507565817e-25,6.653473512551029e-25,0.060072301734257906
AC123595.1,-0.060047196442833885,2.2454022913150544e-25,6.894972692522995e-25,0.060047196442833885
AC018521.5,0.06002934952219236,2.319695170152974e-25,7.051873317265041e-25,0.06002934952219236
AC004974.1,0.05966033320784701,4.537339628322589e-25,1.3656943039703634e-24,0.05966033320784701
AC006064.4,-0.05898968004911158,1.519812444242121e-24,4.5296370887216155e-24,0.05898968004911158
AC125494.1,0.05843117651150934,4.1163231719557506e-24,1.2149148002665515e-23,0.05843117651150934
LINC00877,-0.0584250212043708,4.16155681939645e-24,1.2164550702851162e-23,0.0584250212043708
AC097376.3,0.05781451526277303,1.2233847457007053e-23,3.541990120885852e-23,0.05781451526277303
SNHG11,0.057653737094105796,1.622125611995874e-23,4.652133830629677e-23,0.057653737094105796
MIR762HG,0.057247223805691194,3.298876322173743e-23,9.372508429353438e-23,0.057247223805691194
AC011446.2,-0.05671478112797375,8.296394109149709e-23,2.3352813047976958e-22,0.05671478112797375
AC004241.1,0.056142423254014286,2.2147243416812847e-22,6.176845870377162e-22,0.056142423254014286
LINC00909,0.05556942885982267,5.8607224423134655e-22,1.6196905658757213e-21,0.05556942885982267
AL512625.3,0.05519332336707403,1.1041730505627607e-21,3.024041507847561e-21,0.05519332336707403
LINC00174,0.052899204921946955,4.7987514219750936e-20,1.3025182431075255e-19,0.052899204921946955
LINC00278,0.052884271743658194,4.9154921521110215e-20,1.3223978887095136e-19,0.052884271743658194
CASC3,0.0522883460885378,1.275771692992103e-19,3.402057847978941e-19,0.0522883460885378
AL136419.3,0.052272172256385564,1.3090327179439243e-19,3.460399532651765e-19,0.052272172256385564
LINC02728,-0.05218321631896611,1.5078778038508012e-19,3.9516797618158926e-19,0.05218321631896611
LINC00467,0.05192259650122497,2.278808915460505e-19,5.921007780341825e-19,0.05192259650122497
SNHG32,0.05173344872039447,3.071248373357275e-19,7.912368690683149e-19,0.05173344872039447
AL451165.2,0.051128776352104006,7.916452791485779e-19,2.022354326564434e-18,0.051128776352104006
GAS6-AS1,0.050504759868021734,2.0793475673899498e-18,5.267680504054539e-18,0.050504759868021734
LINC01128,0.050254766914094175,3.051604695508489e-18,7.66684154904612e-18,0.050254766914094175
LINC00847,0.050025501302235396,4.331156273188789e-18,1.0792389402044195e-17,0.050025501302235396
AC245297.3,0.04919428916190377,1.5214121627773903e-17,3.760238190929485e-17,0.04919428916190377
AL121603.2,0.04902117898541012,1.9713205716386658e-17,4.832914949823826e-17,0.04902117898541012
AC007728.2,0.048805825668833236,2.7175718624129347e-17,6.609134769388258e-17,0.048805825668833236
AC027682.2,0.04875953169345098,2.911214302093168e-17,7.023882125685103e-17,0.04875953169345098
CASC4,0.04820236228366883,6.632461357129756e-17,1.5876127972972014e-16,0.04820236228366883
AC124016.1,0.048151898276363604,7.142739997745445e-17,1.6964007494645433e-16,0.048151898276363604
SNHG9,0.047584279652136394,1.6355666335093159e-16,3.854358578192496e-16,0.047584279652136394
LINC00309,-0.04727548660419663,2.556557559031254e-16,5.978411522657702e-16,0.04727548660419663
LINC00339,0.045989505200744504,1.5931684135684763e-15,3.697123646754327e-15,0.045989505200744504
AL121933.2,0.045855158449213014,1.9232733412785025e-15,4.429356785974733e-15,0.045855158449213014
MIR222HG,-0.045529756419859055,3.027977870462373e-15,6.921092275342567e-15,0.045529756419859055
AC011611.3,-0.04551893702421093,3.073852532897737e-15,6.973516194036657e-15,0.04551893702421093
AC114271.1,0.045139982341280964,5.193465184767705e-15,1.1694914193847277e-14,0.045139982341280964
AC087741.1,-0.04503942435787161,5.964680280260356e-15,1.3332814744111383e-14,0.04503942435787161
AC090204.1,-0.044790190160417444,8.395704875536986e-15,1.8629885271264552e-14,0.044790190160417444
AL359762.1,0.04447701053986744,1.2867165383251346e-14,2.8345059974698615e-14,0.04447701053986744
AC009133.1,0.0443655084462706,1.496907181794725e-14,3.273811390399974e-14,0.0443655084462706
AL162377.1,0.0438694472618277,2.921435436153607e-14,6.343688375647832e-14,0.0438694472618277
AC007384.1,0.04345600763251715,5.072297935738851e-14,1.0936018244429862e-13,0.04345600763251715
LINC00173,0.04336633945814778,5.713220500842115e-14,1.223111994546481e-13,0.04336633945814778
AL627171.2,0.042976857206243245,9.55297735189773e-14,2.030842737746091e-13,0.042976857206243245
AC067852.2,0.04197522221769042,3.510070728075472e-13,7.410149314825997e-13,0.04197522221769042
AC005562.1,0.04178135694352903,4.5000036307909924e-13,9.434490370761804e-13,0.04178135694352903
AC104695.4,-0.04110065031654153,1.0671700810015714e-12,2.2220527714005322e-12,0.04110065031654153
PVT1,0.04100295369233403,1.206613831651507e-12,2.4953102368847492e-12,0.04100295369233403
LINC02035,-0.040829182765248134,1.500134396697895e-12,3.0813571391632434e-12,0.040829182765248134
SNHG21,0.0403142873276671,2.8447488022364747e-12,5.804051247516029e-12,0.0403142873276671
AC008105.1,0.040219518582075,3.197597592844456e-12,6.480464454831432e-12,0.040219518582075
AC245407.2,0.04018064710189042,3.3544313751993136e-12,6.753292305037028e-12,0.04018064710189042
AC025259.3,0.03982139508984788,5.210618968235685e-12,1.042123793647137e-11,0.03982139508984788
AC073332.1,-0.0396380882358402,6.513965008779158e-12,1.294278014816251e-11,0.0396380882358402
LINC00324,0.03958268293136046,6.9673222202420425e-12,1.3694425173177629e-11,0.03958268293136046
MIR22HG,0.03958090688444153,6.982354940271487e-12,1.3694425173177629e-11,0.03958090688444153
AC016727.1,0.038822611829151754,1.737579069293321e-11,3.3860515196485226e-11,0.038822611829151754
AC025159.1,0.03838497863925062,2.9180711589353e-11,5.650277912842874e-11,0.03838497863925062
AC025164.1,0.03827562792248084,3.318719026253069e-11,6.385383442917297e-11,0.03827562792248084
AC005050.3,-0.03813616598994665,3.90848501485643e-11,7.472826695071413e-11,0.03813616598994665
AC021054.1,0.03790394660348621,5.125558105006253e-11,9.738560399511881e-11,0.03790394660348621
AC093484.3,0.036816897028516114,1.785154826358336e-10,3.3707271255461754e-10,0.036816897028516114
AC139530.1,0.03623612085339861,3.4277869079190124e-10,6.432390246959134e-10,0.03623612085339861
AC135457.1,0.03553663853518083,7.422275218442256e-10,1.3842770959548746e-09,0.03553663853518083
AC015982.2,0.0354808758341881,7.888888061166248e-10,1.462330469874719e-09,0.0354808758341881
AC009506.1,-0.03547404194676488,7.948004607544541e-10,1.464359636783964e-09,0.03547404194676488
AL118558.3,0.035114900443121676,1.1743893280943008e-09,2.150688890004021e-09,0.035114900443121676
AC006449.6,-0.034936962840067615,1.4230094061788924e-09,2.59038838011008e-09,0.034936962840067615
AC025171.1,0.03483527429621206,1.5873970048567661e-09,2.8724326754551005e-09,0.03483527429621206
AL355075.4,-0.034642577388439864,1.9511584583965487e-09,3.509776161849413e-09,0.034642577388439864
LINC00623,0.03442305633837787,2.4648796819585487e-09,4.4077848430317575e-09,0.03442305633837787
AC239799.2,-0.034323735438015965,2.738534191663673e-09,4.868505229624308e-09,0.034323735438015965
AC092803.1,-0.03404244220932481,3.684078452145471e-09,6.511394473559438e-09,0.03404244220932481
AL645728.1,0.03362209283247221,5.713948908443844e-09,1.0040696347785716e-08,0.03362209283247221
AC083798.2,0.03319325083634803,8.893536786345824e-09,1.5538133235914544e-08,0.03319325083634803
LINC01409,0.03277665039508464,1.3598321534095373e-08,2.3622227122085675e-08,0.03277665039508464
AC025171.2,0.03227856805157419,2.244221789876202e-08,3.876383091604349e-08,0.03227856805157419
DLEU2,0.032228022185879154,2.3603135124844953e-08,4.053871795453596e-08,0.032228022185879154
AL161421.1,-0.031135158882061996,6.896357451333909e-08,1.1778048680929821e-07,0.031135158882061996
AC008957.1,0.029456269273108206,3.345406433691773e-07,5.681584110850832e-07,0.029456269273108206
AC006333.2,-0.02879716475229465,6.080523650950346e-07,1.026932883271614e-06,0.02879716475229465
GAS5,0.028697810257474213,6.646317462987981e-07,1.116287573894114e-06,0.028697810257474213
LINC01003,0.02856129942711323,7.507033924716526e-07,1.2539221500625405e-06,0.02856129942711323
AL355881.1,-0.0284235356185999,8.484037181609993e-07,1.4093701110434086e-06,0.0284235356185999
SNHG7,-0.027854192198303238,1.398469022135351e-06,2.3105140365714498e-06,0.027854192198303238
AC018607.1,0.027303424180255966,2.2476723125222712e-06,3.6934723405771377e-06,0.027303424180255966
AC012368.1,-0.027250263706442398,2.351915930441063e-06,3.843991628247759e-06,0.027250263706442398
GAS2L1,-0.027223844074015204,2.4054341717690274e-06,3.910438439667295e-06,0.027223844074015204
AC017083.2,0.027210712797928072,2.4324672373815283e-06,3.933351277468003e-06,0.027210712797928072
AC108134.3,-0.027192800696799142,2.4698131017939088e-06,3.972609433573271e-06,0.027192800696799142
AC018529.2,-0.027001170178058538,2.905384266171043e-06,4.648614825873669e-06,0.027001170178058538
AC010226.1,0.02690670721130407,3.1463390890816807e-06,5.007785775292309e-06,0.02690670721130407
AC092164.1,0.026540433724552278,4.274753092335647e-06,6.768359062864774e-06,0.026540433724552278
AC004865.2,0.02600521256253367,6.6432656785316155e-06,1.0464003970329592e-05,0.02600521256253367
AC008124.1,0.025883252541979325,7.336832891276755e-06,1.1496892778083162e-05,0.025883252541979325
AL031963.3,0.025663641019241644,8.763876838722651e-06,1.3662659276777877e-05,0.025663641019241644
SNHG16,0.02558566393558924,9.33163310642481e-06,1.4473553389556849e-05,0.02558566393558924
AL391807.1,-0.025421432911171955,1.0644488334578253e-05,1.6426012455389793e-05,0.025421432911171955
LINC00863,0.023942503348533088,3.3629443978155644e-05,5.163308570383493e-05,0.023942503348533088
AC078883.1,0.023770517438662972,3.828640260029883e-05,5.8487770806486656e-05,0.023770517438662972
AC004847.1,0.023480510942274064,4.755384847160139e-05,7.228184967683411e-05,0.023480510942274064
AL158152.1,0.023121928373285146,6.196398112559338e-05,9.37166679710467e-05,0.023121928373285146
AC133552.5,0.022831541838454563,7.656995221886942e-05,0.00011523398749770447,0.022831541838454563
AL353807.5,0.022582520638778608,9.163234626197022e-05,0.00013722282395881255,0.022582520638778608
HOTAIRM1,0.022365258298980815,0.00010701968749394403,0.0001594803186184264,0.022365258298980815
LINC01002,-0.022260742006695717,0.00011526185504183092,0.00017092489723276392,0.022260742006695717
AC027097.1,0.021976942544243525,0.00014076556011021504,0.00020773170035682219,0.021976942544243525
AC100810.1,-0.021887627579072477,0.00014983395961337584,0.000220046008321093,0.021887627579072477
AL450998.2,0.021307992846362558,0.00022344630403929635,0.0003265753674420485,0.021307992846362558
AL135999.1,-0.021241434319830513,0.00023379604629871078,0.0003400669764344884,0.021241434319830513
AC005332.1,0.0212304850149298,0.00023554113924269664,0.000340973839665618,0.0212304850149298
AC012645.3,0.02099703454972764,0.00027578649159128984,0.0003973416750888726,0.02099703454972764
LINC00528,0.02081275583479559,0.0003120143628166387,0.0004474168221521612,0.02081275583479559
AC009951.6,-0.020735011489722236,0.0003285962654161175,0.00046898246331690004,0.020735011489722236
AL392172.1,0.020516009610789213,0.0003798478762688779,0.0005395969831109293,0.020516009610789213
AL135925.1,0.020190641206796187,0.0004699358917816609,0.0006644674934959297,0.020190641206796187
FTX,0.020127047095436286,0.0004897245673868822,0.0006892419837296861,0.020127047095436286
AL118516.1,-0.020084697091014368,0.0005033308020326439,0.0007051270222024137,0.020084697091014368
AC010642.2,-0.020041368638422142,0.0005176155045005019,0.0007218124466429019,0.020041368638422142
LINC01678,-0.019761253502440138,0.0006194749852747631,0.0008597346447518021,0.019761253502440138
SNHG6,0.019754425223368243,0.0006221763876493305,0.0008597346447518021,0.019754425223368243
AL691432.2,0.01972939537014877,0.0006321726943015822,0.0008695950184057963,0.01972939537014877
AC023157.3,-0.019549360004482735,0.0007085971864783742,0.0009703312823848007,0.019549360004482735
AC215522.2,-0.019208689748602976,0.0008771993261341238,0.0011958232966133347,0.019208689748602976
AL627171.1,0.01841120092886745,0.0014274071833816784,0.0019371954631608494,0.01841120092886745
AC020765.2,0.018365965950823907,0.0014665906932408367,0.0019815269810898417,0.018365965950823907
AL451123.1,-0.01803706546888393,0.0017826781330610717,0.0023979387276573706,0.01803706546888393
AC004817.3,-0.017871253835184862,0.0019647463327337306,0.002631202137229313,0.017871253835184862
AL355001.2,0.017852815759141216,0.0019860133015553913,0.0026480177354071886,0.017852815759141216
LINC00662,0.017775319806196597,0.0020777293315580535,0.00275820837027794,0.017775319806196597
LINC00921,0.0174985450740761,0.002437915367538613,0.00322228813796408,0.0174985450740761
AC145207.2,0.0174056727106615,0.0025710324368202514,0.0033835232068976473,0.0174056727106615
AC008443.1,0.017006282824217157,0.003222613667949382,0.004222735151106087,0.017006282824217157
AC104794.3,0.016942367907002303,0.0033398595041138697,0.004357584932406079,0.016942367907002303
AC008537.4,0.016427232166041653,0.004436216181598302,0.005763289398315743,0.016427232166041653
LINC01136,0.01628906603465689,0.004781176826350716,0.0061850117243005005,0.01628906603465689
AC005264.1,-0.01587317784857984,0.005970927083293024,0.007691363700513048,0.01587317784857984
AC079630.1,0.015680033197571747,0.006609284414066587,0.008477731906650812,0.015680033197571747
AL139384.1,0.015203898228203495,0.008452604045397714,0.010796603486558424,0.015203898228203495
AC015871.1,-0.014829791473499094,0.010210157348844458,0.012986978385141066,0.014829791473499094
LINC01637,-0.01473145642599043,0.010723101643984313,0.013582595415713463,0.01473145642599043
LINC01465,0.014565029743512198,0.01164359048366459,0.014687350651593508,0.014565029743512198
AC008440.1,-0.014508814480669907,0.011969985662149298,0.01503667620369168,0.014508814480669907
AC003102.1,0.0143229529210733,0.013107610176616883,0.01639799791642606,0.0143229529210733
AL390728.6,0.01404828431733077,0.014963845427387629,0.01864347954887639,0.01404828431733077
AC020911.2,0.013981607406816124,0.015447974764606494,0.01916809929975663,0.013981607406816124
AC116366.1,-0.013031024826202118,0.02400548279326109,0.02966531206972102,0.013031024826202118
AC073046.1,-0.01277463796593001,0.026923145609694322,0.033136179211931474,0.01277463796593001
AC132192.2,0.012727276628787499,0.027494370876789617,0.03370277720380663,0.012727276628787499
AC124242.1,-0.0126201457559876,0.028825167105040777,0.0351921718872787,0.0126201457559876
AL590764.1,0.011952712521957726,0.03842816973574561,0.046728654398666664,0.011952712521957726
AC090517.5,0.01130544321986574,0.05021344813616622,0.06064073928386143,0.01130544321986574
AL353719.1,0.01130276065748787,0.050267981248464086,0.06064073928386143,0.01130276065748787
AL078459.1,-0.011195198225682679,0.05249583754131968,0.06307800242119045,0.011195198225682679
GAS6,0.011146678374311334,0.05352748188391719,0.06406438776657805,0.011146678374311334
LINC01506,-0.010959372677605718,0.057670144440854734,0.06875185847066603,0.010959372677605718
NORAD,-0.010911025304447002,0.05878170034074367,0.06980326915463311,0.010911025304447002
AC004943.2,-0.010693726919264866,0.0639994612662867,0.07570364289864262,0.010693726919264866
AC026785.2,-0.010618854688152903,0.06588359916461432,0.0776302873877626,0.010618854688152903
AC016831.1,0.010491586135935722,0.06919103908027989,0.08121264818689222,0.010491586135935722
AC087239.1,0.010205295995974813,0.07713089480839719,0.09018381546827979,0.010205295995974813
SNHG30,0.010190723768034027,0.07755411694845576,0.09033123200126648,0.010190723768034027
AC103591.3,-0.009870431046824784,0.08734371244990918,0.10134537627775722,0.009870431046824784
AC079305.3,0.009775086157335446,0.09044319334736234,0.10454270257641882,0.009775086157335446
AC055839.2,-0.009671609810412676,0.09390650504589718,0.1077574405409341,0.009671609810412676
AC044849.1,0.00967082140579698,0.09393329520838005,0.1077574405409341,0.00967082140579698
AL132709.8,0.009571952391906701,0.09734175396051846,0.1112477188120211,0.009571952391906701
SNHG5,0.00902114761403443,0.11817606372454129,0.13455252199348522,0.00902114761403443
AL160408.2,-0.008600597447796446,0.13632085152777856,0.15463260770315182,0.008600597447796446
AC005332.6,-0.008554949101200223,0.138413210664448,0.15616570354274664,0.008554949101200223
AC016831.5,-0.008548738113704222,0.13869980248862368,0.15616570354274664,0.008548738113704222
AL590617.2,0.008429210599397788,0.14430458503604862,0.16187673007733866,0.008429210599397788
AL356512.1,0.008372353822355044,0.14703085574485,0.16432860347953823,0.008372353822355044
LINC02352,-0.008046178388973054,0.16343738173961533,0.18199620530711744,0.008046178388973054
AC068587.4,0.00776511101118757,0.1786507759247613,0.19821107985812933,0.00776511101118757
AL441992.1,0.007683673748360538,0.1832497193604816,0.2025742352203142,0.007683673748360538
AC091271.1,0.007098538282265498,0.21889670537474676,0.2411036175142138,0.007098538282265498
AC083799.1,-0.006846489359984422,0.23569685659646514,0.2586709184307776,0.006846489359984422
AC024909.1,-0.006633878582016093,0.2505616545238771,0.2739954783282684,0.006633878582016093
LINC01588,0.006460336791532309,0.26317076853893573,0.28675237862306974,0.006460336791532309
AC022098.1,0.006278598155000556,0.27683776124081727,0.3005667122043159,0.006278598155000556
AC007298.1,-0.006152999409205149,0.28656088743503694,0.31001604904004,0.006152999409205149
AC127502.2,-0.0061057708765202955,0.29027600647465096,0.3129216523698365,0.0061057708765202955
AC040169.1,0.005668726865207926,0.3261888925975692,0.3503937220836079,0.005668726865207926
AC243829.1,0.005649477551228698,0.3278343826223258,0.3509213109760107,0.005649477551228698
AC079922.2,0.005567571660368418,0.3348960467765627,0.35722244989500024,0.005567571660368418
AC004951.1,0.0053740534655876675,0.35196670457189105,0.37411845520928283,0.0053740534655876675
AC009961.4,-0.005348714263500913,0.3542420351353993,0.37522501282634635,0.005348714263500913
AC025171.3,0.005166219588096442,0.370902475805848,0.3915081689061729,0.005166219588096442
AL022069.3,0.004967215217025304,0.3896146709468683,0.409836885701896,0.004967215217025304
AL133243.3,0.004314615807127275,0.45489111130773974,0.47685137185363063,0.004314615807127275
LINC01410,0.004241109347210114,0.4626109289459732,0.4832773965621164,0.004241109347210114
AC090114.2,0.0040409435808771285,0.48399871798519367,0.5038890762585578,0.0040409435808771285
AC010173.1,-0.0038063833667590077,0.5097289163941728,0.528865496873135,0.0038063833667590077
AC244090.1,-0.00305145830902226,0.5971472881639206,0.6174584204143941,0.00305145830902226
AC083862.3,-0.0029217891152615873,0.6128224530741042,0.6315187313034837,0.0029217891152615873
LINC02256,0.002792617537480862,0.6286155908614797,0.6456052014253034,0.002792617537480862
AC040970.1,0.0022307474161443993,0.6992292052662076,0.7157093548852764,0.0022307474161443993
AC004854.2,-0.0021170150303644773,0.7138704897296528,0.7282437210664915,0.0021170150303644773
AC073195.1,-0.0019166162856540836,0.7399238798062162,0.7522971888330761,0.0019166162856540836
AC027644.3,0.0018385073634663435,0.7501619575685964,0.7601641170028444,0.0018385073634663435
AC079781.5,0.00035008869370738003,0.951650204867663,0.9611350906304637,0.00035008869370738003
LINC01503,-0.00027420932799659443,0.9621207310616542,0.9684923915322612,0.00027420932799659443
AC092944.1,-0.00015504776806084396,0.9785762289218611,0.981805853439755,0.00015504776806084396
AC003681.1,-8.291770396318929e-06,0.9988541448764644,0.9988541448764644,8.291770396318929e-06
