gene,original_cell_level_rho,original_cell_level_fdr,is_lncrna_gencode,gencode_gene_type,cell_level_rho,cell_level_fdr,donor_aware_rho,donor_aware_pvalue,donor_aware_fdr,n_patients_contributing,direction_consistency,heterogeneity_I2_pct,verdict
MALAT1,0.3790089732572263,0.0,True,lncRNA,0.37867993497198676,0.0,0.3711383127999862,8.080753751733258e-07,1.2313447441101137e-05,9.0,1.0,96.73809427954333,RETAINED - significant under donor-aware statistics
AC020916.1,-0.3434143036466888,0.0,True,lncRNA,-0.3470274305259531,0.0,-0.35374745439727207,3.7376668593974693e-06,2.6055329845944676e-05,9.0,1.0,97.3027732474498,RETAINED - significant under donor-aware statistics
AC104809.2,0.3333577879716434,0.0,True,lncRNA,0.333439506464391,0.0,0.3308485196487172,1.235075621945543e-07,6.159956093494974e-06,9.0,1.0,93.61138535172914,RETAINED - significant under donor-aware statistics
AC020656.1,-0.3283966207282182,0.0,True,lncRNA,-0.32939171816130586,0.0,-0.33508222051237907,2.6536293265523545e-08,3.1909892651792063e-06,9.0,1.0,91.13242395335695,RETAINED - significant under donor-aware statistics
NEAT1,-0.2721952235881034,0.0,True,lncRNA,-0.2740624389167982,0.0,-0.25893989367167225,5.832661488039983e-06,3.2247243399393466e-05,9.0,1.0,95.41185365688459,RETAINED - significant under donor-aware statistics
LINC00861,0.2371060282869911,0.0,True,lncRNA,0.2363923183952918,0.0,0.22483349467580008,1.4696063452491374e-07,6.159956093494974e-06,9.0,1.0,85.98749431494831,RETAINED - significant under donor-aware statistics
AC119396.1,0.2347199947867379,0.0,False,protein_coding,,,,,,,,,REMOVED - not a GENCODE v32 lncRNA (protein_coding)
AC007952.4,-0.2251456247086484,0.0,True,lncRNA,-0.22583641503342597,0.0,-0.23649236537242127,1.5440584249326283e-06,1.687936596346805e-05,9.0,1.0,93.61942980870613,RETAINED - significant under donor-aware statistics
AC020651.2,0.2148463377948982,1.047760157563441e-308,True,lncRNA,0.2127779929924625,0.0,0.20772048258049655,1.1547147397923819e-06,1.424148179077271e-05,9.0,1.0,90.03848667295628,RETAINED - significant under donor-aware statistics
LINC02432,0.2076204342817919,6.3623094466231504e-288,True,lncRNA,0.20791992024587966,0.0,0.20354985043145937,8.711969649132726e-06,4.148967723992912e-05,9.0,1.0,94.25039261985191,RETAINED - significant under donor-aware statistics
LINC00937,-0.2032969489541915,7.147822055712647e-276,True,lncRNA,-0.20840394517279076,0.0,-0.20553340656994276,7.71465876740133e-07,1.2313447441101137e-05,9.0,1.0,88.3377321763926,RETAINED - significant under donor-aware statistics
AC064805.1,0.2029154022767391,7.417118481796639e-275,True,lncRNA,0.20220737750595996,0.0,0.19692055154963847,2.488036453287115e-06,2.0763704315927294e-05,9.0,1.0,90.38435778869706,RETAINED - significant under donor-aware statistics
SNHG1,0.199135876061295,1.4418786486995812e-264,True,lncRNA,0.19667823903112644,0.0,0.18920816407531713,1.1690462666193058e-07,6.159956093494974e-06,9.0,1.0,80.19609559087043,RETAINED - significant under donor-aware statistics
AL139246.5,0.1951405869652528,6.4807852559558045e-254,True,lncRNA,0.1976852276707333,0.0,0.19276033536588597,3.4249543710416236e-08,3.2948061049420416e-06,9.0,1.0,71.49615532725416,RETAINED - significant under donor-aware statistics
AL133415.1,-0.1945688493383948,1.957082142555976e-252,True,lncRNA,-0.1927487232980749,0.0,-0.19860729420130788,3.001959386617307e-06,2.2561601015045698e-05,9.0,1.0,91.55095565016548,RETAINED - significant under donor-aware statistics
LINC02345,0.1942831084469481,1.0385481533110865e-251,True,lncRNA,0.19112151671077926,0.0,0.1850547943636771,1.2428112766247193e-05,5.3590517774104265e-05,9.0,1.0,93.22818377988713,RETAINED - significant under donor-aware statistics
LINC02384,0.192833741701682,6.17208320587497e-248,True,lncRNA,0.18856523202367942,0.0,0.1834285566786374,1.1327526451304795e-06,1.424148179077271e-05,9.0,1.0,86.77878305241677,RETAINED - significant under donor-aware statistics
LINC02773,0.1715148703328352,1.4355907701526031e-195,True,lncRNA,0.16875889686851678,1.863633864549109e-277,0.16386300371088738,1.1152323035467938e-06,1.424148179077271e-05,9.0,1.0,82.53592749115042,RETAINED - significant under donor-aware statistics
SNHG8,0.1679246157649224,2.073066996268116e-187,True,lncRNA,0.16726264241899627,1.6039783954949348e-272,0.16498291144787644,8.4769993656454e-09,1.359145564958479e-06,9.0,1.0,49.70058127519717,RETAINED - significant under donor-aware statistics
AC243960.1,0.1653962426766184,8.860895120045324e-182,True,lncRNA,0.1650814686119467,2.1125087052872186e-265,0.15550604324796594,1.7929186134912608e-07,6.159956093494974e-06,9.0,1.0,72.94406322296939,RETAINED - significant under donor-aware statistics
AC253572.2,-0.164715789917638,2.705586600926091e-180,True,lncRNA,-0.15789861364869154,1.2548065257103062e-242,-0.16706687604108034,1.4274366203198644e-07,6.159956093494974e-06,9.0,1.0,78.68374144844162,RETAINED - significant under donor-aware statistics
GAS7,-0.164643481742342,3.72997192358383e-180,False,protein_coding,,,,,,,,,REMOVED - not a GENCODE v32 lncRNA (protein_coding)
LINC01578,0.1625055377999253,1.7353022077690287e-175,True,lncRNA,0.15752630305802695,1.721491898447852e-241,0.1591603240206398,3.5962029273530505e-05,0.00011380089526689587,9.0,1.0,93.87666433061138,RETAINED - significant under donor-aware statistics
SNHG12,0.1519158858588769,3.0861546872233496e-153,True,lncRNA,0.14734896516956672,4.359874506499997e-211,0.135346815772451,2.4381603167484182e-06,2.0763704315927294e-05,9.0,1.0,82.01578035790791,DOWNGRADED - no longer significant at donor level (ranked candidate only)
