gene_name,ensembl_id,is_lncrna,found_in_gencode_v32,gencode_gene_type,is_lncrna_gencode
MALAT1,ENSG00000251562,True,True,lncRNA,True
AC020916.1,ENSG00000267519,True,True,lncRNA,True
AC104809.2,ENSG00000233392,True,True,lncRNA,True
AC020656.1,ENSG00000257764,True,True,lncRNA,True
NEAT1,ENSG00000245532,True,True,lncRNA,True
LINC00861,ENSG00000245164,True,True,lncRNA,True
AC119396.1,ENSG00000263264,True,True,protein_coding,False
AC007952.4,ENSG00000262202,True,True,lncRNA,True
AC020651.2,ENSG00000287682,True,True,lncRNA,True
LINC02432,ENSG00000248810,True,True,lncRNA,True
LINC00937,ENSG00000226091,True,True,lncRNA,True
AC064805.1,ENSG00000261222,True,True,lncRNA,True
SNHG1,ENSG00000255717,True,True,lncRNA,True
AL139246.5,ENSG00000272449,True,True,lncRNA,True
AL133415.1,ENSG00000234961,True,True,lncRNA,True
LINC02345,ENSG00000259225,True,True,lncRNA,True
LINC02384,ENSG00000251301,True,True,lncRNA,True
LINC02773,ENSG00000237980,True,True,lncRNA,True
SNHG8,ENSG00000269893,True,True,lncRNA,True
AC243960.1,ENSG00000268027,True,True,lncRNA,True
AC253572.2,ENSG00000287979,True,True,lncRNA,True
GAS7,ENSG00000007237,True,True,protein_coding,False
LINC01578,ENSG00000272888,True,True,lncRNA,True
SNHG12,ENSG00000197989,True,True,lncRNA,True
