pseudobulk_id,donor,subtype,ac,lyz,log_ratio
T2D_02__CD14_Classical,T2D_02,CD14_Classical,7.81978713871506,12.6532048725894,-4.83341773387431
T2D_02__Intermediate,T2D_02,Intermediate,0,5.94640011941065,-5.94640011941065
T2D_02__CD16_NonClassical,T2D_02,CD16_NonClassical,4.54131258177762,8.95834402835953,-4.41703144658191
T2D_03__CD14_Classical,T2D_03,CD14_Classical,8.18076413488901,12.8353996641773,-4.65463552928828
T2D_03__Intermediate,T2D_03,Intermediate,2.57693282743056,6.94850613369149,-4.37157330626093
T2D_03__CD16_NonClassical,T2D_03,CD16_NonClassical,5.06738670633946,9.60811103074557,-4.54072432440611
T2D_04__CD14_Classical,T2D_04,CD14_Classical,7.14106898547606,12.2755246934357,-5.13445570795962
T2D_04__Intermediate,T2D_04,Intermediate,1.13306310339042,5.67570423942631,-4.54264113603589
T2D_04__CD16_NonClassical,T2D_04,CD16_NonClassical,3.81982223905734,8.94744892420839,-5.12762668515105
T2D_05__CD14_Classical,T2D_05,CD14_Classical,7.31882027284655,12.6196613676174,-5.30084109477086
T2D_05__Intermediate,T2D_05,Intermediate,1.35010086690482,6.29397689147219,-4.94387602456737
T2D_05__CD16_NonClassical,T2D_05,CD16_NonClassical,3.81165238463735,9.26601534917169,-5.45436296453434
T2D_06__CD14_Classical,T2D_06,CD14_Classical,7.14537268567753,12.612848683996,-5.46747599831851
T2D_06__Intermediate,T2D_06,Intermediate,2.69050504478586,7.47816523445413,-4.78766018966826
T2D_06__CD16_NonClassical,T2D_06,CD16_NonClassical,4.27897263254642,9.60460358216845,-5.32563094962202
T2D_07__CD14_Classical,T2D_07,CD14_Classical,7.27822892107484,12.9528095573998,-5.67458063632494
T2D_07__Intermediate,T2D_07,Intermediate,1.29142285041001,6.33312200388243,-5.04169915347242
T2D_07__CD16_NonClassical,T2D_07,CD16_NonClassical,4.06138801384423,9.668237723486,-5.60684970964177
T2D_08__CD14_Classical,T2D_08,CD14_Classical,6.60645346367214,12.5778788972917,-5.97142543361956
T2D_08__Intermediate,T2D_08,Intermediate,1.07659632923682,5.90158821313125,-4.82499188389444
T2D_08__CD16_NonClassical,T2D_08,CD16_NonClassical,3.71609534394846,9.52002283090356,-5.8039274869551
T2D_09__CD14_Classical,T2D_09,CD14_Classical,7.01263627403923,12.3444733655958,-5.33183709155652
T2D_09__Intermediate,T2D_09,Intermediate,1.60974786575828,5.62122103351548,-4.01147316775719
T2D_09__CD16_NonClassical,T2D_09,CD16_NonClassical,4.09602805603684,9.2385034334489,-5.14247537741206
T2D_10__CD14_Classical,T2D_10,CD14_Classical,7.79260262482122,12.8705350415763,-5.07793241675512
T2D_10__Intermediate,T2D_10,Intermediate,2.32036894056525,8.0148666123179,-5.69449767175265
T2D_10__CD16_NonClassical,T2D_10,CD16_NonClassical,4.28169351021825,9.02676517017386,-4.7450716599556
