Run,Experiment,Sample,Spots,Bases,Size_MB,AvgLength,LibraryStrategy,LibrarySource,LibrarySelection,LibraryLayout,Platform,Model
SRR29143583,SRX24665159,SRS21400221,16617810,2260022160,723,136,RNA-Seq,TRANSCRIPTOMIC SINGLE CELL,cDNA,PAIRED,ILLUMINA,Illumina HiSeq 2500
SRR29143584,SRX24665158,SRS21400220,89005583,12104759288,3696,136,RNA-Seq,TRANSCRIPTOMIC SINGLE CELL,cDNA,PAIRED,ILLUMINA,Illumina HiSeq 2500
SRR29143585,SRX24665160,SRS21400222,459553598,62499289328,18690,136,RNA-Seq,TRANSCRIPTOMIC SINGLE CELL,cDNA,PAIRED,ILLUMINA,Illumina HiSeq 2500
SRR29143586,SRX24665157,SRS21400219,6221964,846187104,269,136,RNA-Seq,TRANSCRIPTOMIC SINGLE CELL,cDNA,PAIRED,ILLUMINA,Illumina HiSeq 2500
SRR29143587,SRX24665156,SRS21400218,34504723,4692642328,1456,136,RNA-Seq,TRANSCRIPTOMIC SINGLE CELL,cDNA,PAIRED,ILLUMINA,Illumina HiSeq 2500
SRR29143588,SRX24665154,SRS21400216,11127554,1513347344,488,136,RNA-Seq,TRANSCRIPTOMIC SINGLE CELL,cDNA,PAIRED,ILLUMINA,Illumina HiSeq 2500
SRR29143589,SRX24665153,SRS21400215,77465061,10535248296,3227,136,RNA-Seq,TRANSCRIPTOMIC SINGLE CELL,cDNA,PAIRED,ILLUMINA,Illumina HiSeq 2500
SRR29143590,SRX24665155,SRS21400217,256911572,34939973792,10348,136,RNA-Seq,TRANSCRIPTOMIC SINGLE CELL,cDNA,PAIRED,ILLUMINA,Illumina HiSeq 2500
SRR29143591,SRX24665152,SRS21400214,18440511,2507909496,795,136,RNA-Seq,TRANSCRIPTOMIC SINGLE CELL,cDNA,PAIRED,ILLUMINA,Illumina HiSeq 2500
SRR29143592,SRX24665151,SRS21400213,73884478,10048289008,3064,136,RNA-Seq,TRANSCRIPTOMIC SINGLE CELL,cDNA,PAIRED,ILLUMINA,Illumina HiSeq 2500
SRR29143593,SRX24665149,SRS21400211,449091886,61076496496,18183,136,RNA-Seq,TRANSCRIPTOMIC SINGLE CELL,cDNA,PAIRED,ILLUMINA,Illumina HiSeq 2500
SRR29143594,SRX24665148,SRS21400210,13616288,1851815168,590,136,RNA-Seq,TRANSCRIPTOMIC SINGLE CELL,cDNA,PAIRED,ILLUMINA,Illumina HiSeq 2500
SRR29143595,SRX24665150,SRS21400212,657492932,89419038752,26514,136,RNA-Seq,TRANSCRIPTOMIC SINGLE CELL,cDNA,PAIRED,ILLUMINA,Illumina HiSeq 2500
SRR29143596,SRX24665147,SRS21400209,83290444,11327500384,3488,136,RNA-Seq,TRANSCRIPTOMIC SINGLE CELL,cDNA,PAIRED,ILLUMINA,Illumina HiSeq 2500
SRR29143597,SRX24665146,SRS21400208,687513900,93501890400,27569,136,RNA-Seq,TRANSCRIPTOMIC SINGLE CELL,cDNA,PAIRED,ILLUMINA,Illumina HiSeq 2500
SRR29143598,SRX24665144,SRS21400206,54897276,7466029536,2345,136,RNA-Seq,TRANSCRIPTOMIC SINGLE CELL,cDNA,PAIRED,ILLUMINA,Illumina HiSeq 2500
SRR29143599,SRX24665143,SRS21400205,581040375,79021491000,23510,136,RNA-Seq,TRANSCRIPTOMIC SINGLE CELL,cDNA,PAIRED,ILLUMINA,Illumina HiSeq 2500
SRR29143600,SRX24665145,SRS21400207,15018522,2042518992,650,136,RNA-Seq,TRANSCRIPTOMIC SINGLE CELL,cDNA,PAIRED,ILLUMINA,Illumina HiSeq 2500
SRR29143601,SRX24665142,SRS21400204,6410279,1423081938,631,222,RNA-Seq,TRANSCRIPTOMIC SINGLE CELL,cDNA,PAIRED,ILLUMINA,Illumina HiSeq 2500
SRR29143602,SRX24665141,SRS21400203,596590916,81136364576,23601,136,RNA-Seq,TRANSCRIPTOMIC SINGLE CELL,cDNA,PAIRED,ILLUMINA,Illumina HiSeq 2500
SRR29143603,SRX24665139,SRS21400201,16647048,2263998528,729,136,RNA-Seq,TRANSCRIPTOMIC SINGLE CELL,cDNA,PAIRED,ILLUMINA,Illumina HiSeq 2500
SRR29143604,SRX24665138,SRS21400200,536744169,72997206984,21362,136,RNA-Seq,TRANSCRIPTOMIC SINGLE CELL,cDNA,PAIRED,ILLUMINA,Illumina HiSeq 2500
SRR29143605,SRX24665140,SRS21400202,66468367,9039697912,2804,136,RNA-Seq,TRANSCRIPTOMIC SINGLE CELL,cDNA,PAIRED,ILLUMINA,Illumina HiSeq 2500
SRR29143606,SRX24665137,SRS21400199,75833234,10313319824,3172,136,RNA-Seq,TRANSCRIPTOMIC SINGLE CELL,cDNA,PAIRED,ILLUMINA,Illumina HiSeq 2500
SRR29143607,SRX24665136,SRS21400198,17811063,2422304568,765,136,RNA-Seq,TRANSCRIPTOMIC SINGLE CELL,cDNA,PAIRED,ILLUMINA,Illumina HiSeq 2500
SRR29143608,SRX24665134,SRS21400196,101396411,13789911896,4246,136,RNA-Seq,TRANSCRIPTOMIC SINGLE CELL,cDNA,PAIRED,ILLUMINA,Illumina HiSeq 2500
SRR29143609,SRX24665133,SRS21400195,14442681,1964204616,632,136,RNA-Seq,TRANSCRIPTOMIC SINGLE CELL,cDNA,PAIRED,ILLUMINA,Illumina HiSeq 2500
SRR29143610,SRX24665135,SRS21400197,689056166,93711638576,27863,136,RNA-Seq,TRANSCRIPTOMIC SINGLE CELL,cDNA,PAIRED,ILLUMINA,Illumina HiSeq 2500
SRR29143611,SRX24665132,SRS21400194,108165482,24012737004,10251,222,RNA-Seq,TRANSCRIPTOMIC SINGLE CELL,cDNA,PAIRED,ILLUMINA,Illumina HiSeq 2500
SRR29143612,SRX24665131,SRS21400193,14926162,3313607964,1479,222,RNA-Seq,TRANSCRIPTOMIC SINGLE CELL,cDNA,PAIRED,ILLUMINA,Illumina HiSeq 2500
