pathway,pval,padj,ES,NES,size
HALLMARK_ALLOGRAFT_REJECTION,3.21024666034903e-09,1.54091839696754e-07,-0.671029301256249,-1.76261400118548,158
HALLMARK_TNFA_SIGNALING_VIA_NFKB,2.83408649714368e-07,6.80180759314484e-06,-0.626993136521246,-1.65378538727417,173
HALLMARK_EPITHELIAL_MESENCHYMAL_TRANSITION,1.47507102663786e-05,0.000236011364262057,-0.671612421354183,-1.70336703855583,77
HALLMARK_INFLAMMATORY_RESPONSE,2.78118128418893e-05,0.000333741754102672,-0.601218495393415,-1.57443443868693,144
HALLMARK_INTERFERON_ALPHA_RESPONSE,0.000178924779442656,0.0017176778826495,0.437627245975726,1.68315727757953,89
HALLMARK_APICAL_SURFACE,0.00254389494314112,0.020351159545129,-0.74580634625217,-1.64636073024935,22
HALLMARK_IL2_STAT5_SIGNALING,0.00514000754383713,0.0352457660148832,-0.527482005714135,-1.38619849928691,156
HALLMARK_HYPOXIA,0.00719497702996945,0.0404626377151211,-0.524000286997406,-1.36468509976874,129
HALLMARK_COMPLEMENT,0.0082277154948892,0.0404626377151211,-0.518868799221849,-1.36178515429298,151
HALLMARK_ESTROGEN_RESPONSE_EARLY,0.00842971619065023,0.0404626377151211,-0.540050633883175,-1.39706505972772,113
HALLMARK_BILE_ACID_METABOLISM,0.0216614639855749,0.0945227519370542,-0.57433282197098,-1.43391576475105,62
HALLMARK_GLYCOLYSIS,0.0545454545454545,0.208627193701821,-0.487230973466362,-1.27043480276618,134
HALLMARK_IL6_JAK_STAT3_SIGNALING,0.0565031982942431,0.208627193701821,-0.532344821848727,-1.33547994520345,66
HALLMARK_ESTROGEN_RESPONSE_LATE,0.0640243902439024,0.213197969543147,-0.498447421797122,-1.28614744567791,105
HALLMARK_ANGIOGENESIS,0.0686528497409326,0.213197969543147,-0.670543875061759,-1.42102981835588,17
HALLMARK_KRAS_SIGNALING_UP,0.0710659898477157,0.213197969543147,-0.488988449356664,-1.26497153108502,113
HALLMARK_WNT_BETA_CATENIN_SIGNALING,0.0799522673031026,0.223569023569024,-0.595787286634455,-1.36988438264334,29
HALLMARK_APOPTOSIS,0.0838383838383838,0.223569023569024,-0.474965083506068,-1.23849308045464,136
HALLMARK_COAGULATION,0.108858057630736,0.275009829803966,-0.510983740378268,-1.27498846982397,61
HALLMARK_HEDGEHOG_SIGNALING,0.114624505928854,0.275098814229249,-0.645641486329398,-1.34106530531498,15
HALLMARK_KRAS_SIGNALING_DN,0.123390557939914,0.282035561005518,-0.515246140898183,-1.27908950232856,55
HALLMARK_PEROXISOME,0.165271966527197,0.360593381513884,-0.476426621254755,-1.2100663355335,79
HALLMARK_CHOLESTEROL_HOMEOSTASIS,0.204909284951974,0.427636768595425,-0.476513832335405,-1.18969466861185,62
HALLMARK_MYOGENESIS,0.236269430051813,0.472538860103627,-0.450117935607131,-1.14985629818825,85
HALLMARK_TGF_BETA_SIGNALING,0.266146993318486,0.511002227171492,-0.479151295055673,-1.1607017043818,44
HALLMARK_XENOBIOTIC_METABOLISM,0.295546558704453,0.534778681120145,-0.424623530884705,-1.10399576447505,122
HALLMARK_APICAL_JUNCTION,0.300813008130081,0.534778681120145,-0.431008515224156,-1.11102108309749,102
HALLMARK_SPERMATOGENESIS,0.341621621621622,0.585637065637066,-0.442062031873814,-1.09402905291143,54
HALLMARK_NOTCH_SIGNALING,0.359116022099448,0.59439893313012,0.375987733827357,1.09501711716595,23
HALLMARK_P53_PATHWAY,0.374245472837022,0.598792756539235,-0.401440709800918,-1.05568325432551,161
HALLMARK_UV_RESPONSE_UP,0.49746192893401,0.769823788546256,-0.388847580267608,-1.00851731726086,120
HALLMARK_REACTIVE_OXYGEN_SPECIES_PATHWAY,0.513215859030837,0.769823788546256,-0.40227124795072,-0.985759835433985,49
HALLMARK_PANCREAS_BETA_CELLS,0.546762589928058,0.795291039895357,0.384449917488052,0.929743102073787,12
HALLMARK_FATTY_ACID_METABOLISM,0.578947368421053,0.810889809781609,-0.372712958321367,-0.968529769424024,123
HALLMARK_PI3K_AKT_MTOR_SIGNALING,0.592783505154639,0.810889809781609,-0.370143135773833,-0.949301195022991,90
HALLMARK_DNA_REPAIR,0.608167357336207,0.810889809781609,0.170301626527233,0.730438247681663,141
HALLMARK_HEME_METABOLISM,0.632323232323232,0.82031122031122,-0.362485112240424,-0.950778698999857,147
HALLMARK_UV_RESPONSE_DN,0.675204918032787,0.841128720525705,-0.353474507936388,-0.908866944625611,92
HALLMARK_MTORC1_SIGNALING,0.683417085427136,0.841128720525705,-0.352411687769065,-0.930383567527964,180
HALLMARK_INTERFERON_GAMMA_RESPONSE,0.701807228915663,0.842168674698795,-0.347010211759463,-0.916944855656031,179
HALLMARK_ANDROGEN_RESPONSE,0.73744769874477,0.863353403408511,-0.339229030214441,-0.861600950041527,79
HALLMARK_PROTEIN_SECRETION,0.769230769230769,0.879120879120879,0.229494782694288,0.89568797876867,88
HALLMARK_G2M_CHECKPOINT,0.811491935483871,0.905851462865716,-0.322409291854098,-0.84662341584211,153
HALLMARK_MYC_TARGETS_V2,0.92,0.989247311827957,-0.279504403024609,-0.691726308250047,54
HALLMARK_MITOTIC_SPINDLE,0.92741935483871,0.989247311827957,-0.285165116187988,-0.750656187737872,168
HALLMARK_ADIPOGENESIS,0.959718026183283,0.994264193415727,-0.266914587748143,-0.702026482959784,163
HALLMARK_UNFOLDED_PROTEIN_RESPONSE,0.973550356052899,0.994264193415727,-0.246280862841993,-0.634911379812861,103
HALLMARK_MYC_TARGETS_V1,1,1,-0.18382322009104,-0.486385818768129,192
HALLMARK_E2F_TARGETS,,,0.240941180052895,,167
HALLMARK_OXIDATIVE_PHOSPHORYLATION,,,0.170060789650126,,199
