sample_id,n_cells,detection_rate,mean_lognorm,mean_counts
T2D_02,4370,0.349656750572082,0.611469447839817,0.565903890160183
T2D_03,3290,0.3209726443769,0.624442990057751,0.519452887537994
T2D_04,3875,0.397161290322581,0.502162272665807,0.671225806451613
T2D_05,4049,0.364534452951346,0.500271490513707,0.657693257594468
T2D_06,8862,0.426427443015121,0.552930389568946,0.758970886932972
T2D_07,4718,0.452098346757101,0.577514386216617,0.873039423484527
T2D_08,6747,0.315992292870906,0.392650321353194,0.503927671557729
T2D_09,4792,0.34745409015025,0.454649193153172,0.654632721202003
T2D_10,3354,0.457066189624329,0.69722456810972,0.822599880739416
