excluded_donor,combined_rho,p_value,I2
T2D_02,-0.338001731515462,2.61168295840241e-07,92.0742545875555
T2D_03,-0.330680207785048,2.47526234461359e-07,91.4931522375175
T2D_04,-0.326185440429209,8.36053998019473e-08,88.1305078608355
T2D_05,-0.330064259706079,2.31017720010084e-07,91.0653075672069
T2D_06,-0.335510518054797,3.21059773639192e-07,92.2294357477045
T2D_07,-0.335150751190866,3.19254738806104e-07,92.2236730843355
T2D_08,-0.342378841023038,1.0435782436902e-07,88.9474209812251
T2D_09,-0.342642251027166,9.09146838565083e-08,89.88802381297
T2D_10,-0.335100274042188,3.15179347068268e-07,92.2278980838302
