sample_id,CD14_Classical,CD16_NonClassical,Intermediate
T2D_02,0.745500041479476,0.100365681746032,0
T2D_03,0.818707341628003,0.137064623818526,0.0159963360230548
T2D_04,0.64852592184626,0.0762857149367089,0.007340508
T2D_05,0.651770660671096,0.077000203808933,0.00732794935622318
T2D_06,0.631726743027233,0.109740832207317,0.0188813065759637
T2D_07,0.688730817707418,0.093062259136,0.00825637723214286
T2D_08,0.45325977566969,0.0671807610055866,0.00713380336700337
T2D_09,0.540918397746443,0.0827616264093357,0.0117922881270903
T2D_10,0.815786530415041,0.105788683783784,0.0176303985148515
